Bug ID,Area,Priority,Summary,Reproduction steps,Actual result,Expected result,Evidence,Status,Notes / likely investigation area
KAT-001,Team calls,P1,"Call participants show generic name and initials instead of real profile identity","1. Start or join a call with Nithesh and Ajjju; 2. Open the call participant panel","Both users appear as 'Katalist User' with 'KA'; uploaded avatars are absent","Each participant shows their current profile display name and avatar; fallback initials should derive from that name","Chrome Team screenshots at 12:32-12:33 PM on 2026-10-06",Open,"Inspect call presence/session payload identity hydration and mapping from auth user ID to profiles"
KAT-002,Team calls / file presentation,P1,"Present a document fails during an active call","1. Join a Team call; 2. Click Present a document; 3. Choose a supported PDF, Word, Excel, or image file","Toast/activity says 'Couldn't share that document.'","Selected document uploads and becomes visible to participants, or a specific actionable validation error is shown","Chrome Team screenshot at 12:33 PM on 2026-10-06",Open,"Inspect call document storage bucket, RLS policies, signed URL creation, and error propagation"
KAT-003,File uploads,P1,"Users report generic errors when uploading files","1. Use an upload action in affected production surfaces; 2. Select a valid supported file","Upload fails with a generic error and no recoverable reason","Valid files upload; invalid files show the exact type/size/permission problem and retain a Retry action","User report on 2026-10-06; call document failure screenshot",Open,"Audit each upload adapter separately; Thing image preview currently demonstrates at least one existing attachment can load"
KAT-004,Court / Magic Box,P1,"Clipboard file paste does not attach files in Magic Box","1. Copy an image or file to the OS clipboard; 2. Focus Magic Box; 3. Paste with Cmd/Ctrl+V","No usable attachment is added or the action errors","Clipboard files are detected, displayed as pending attachment chips/previews, and uploaded with the new Thing","User report on 2026-10-06",Open,"Inspect paste event handling, DataTransferItem.getAsFile, clipboard permission handling, and attachment upload sequencing"
KAT-005,List / Magic Box,P1,"Creating a Thing inside an available list reports that the list is unavailable","1. Open WORKSHOP FRIDAY; 2. Enter a Thing in the list Magic Box; 3. Toss it","Coey reports 'That List isn't available' and the list remains empty","A Thing is created in the currently open list when the user is an owner/member","Attachment codex-clipboard-7679e9c5-0403-4a76-aa7e-1ae249ec75ef.png",Open,"Inspect list ID passed by Magic Box, live list query/RLS, membership resolution, and stale demo/live identity state"
KAT-006,Lists / assignment,P1,"List members cannot reliably be selected as Thing assignees","1. Open a list containing Nithesh and Ajjju; 2. Create or edit a Thing; 3. Try to assign it to Ajjju","Other members are unavailable or assignment fails despite being visible in the list header","All eligible list members appear in the assignee picker and the selected profile receives the assignment","User report and WORKSHOP FRIDAY screenshot on 2026-10-06",Open,"Compare list membership profile IDs with actor IDs expected by Thing assignment RPCs and RLS"
KAT-007,Magic Box / natural-language parsing,P2,"Deadline phrase is removed from the generated Thing title","1. Enter 'finish your web work by this Friday'; 2. Toss the Thing; 3. Open its detail","Title becomes 'finish your web work by this' while a due date is extracted","Title remains natural and complete (for example 'Finish your web work') while Friday is stored as the due date; parser must not leave dangling words","Chrome Court screenshot at 12:35 PM on 2026-10-06",Open,"Adjust temporal phrase removal so connectors such as 'by this' are removed with the parsed date expression; add regression tests"
KAT-008,Magic Box / URL parsing,P1,"A valid URL is corrupted while creating a Thing","1. Enter a task containing 'https://framer.com/'; 2. Toss it; 3. Open the Thing","Stored title shows malformed 'https:/.framer.com/'","The original normalized URL remains valid and clickable","Chrome Court screenshot at 12:43 PM on 2026-10-06",Open,"Inspect punctuation cleanup and slash normalization in parse-toss/title sanitization"
KAT-009,Thing detail / link previews,P2,"URLs are not rendered as rich previews","1. Create or open a Thing containing a valid URL; 2. View Thing detail","URL remains plain/malformed text with no preview","Show a safe link card with site title, hostname, description, and image when metadata is available; gracefully fall back to a clickable link","Chrome Court screenshot at 12:43 PM on 2026-10-06",Open,"Requires URL entity extraction plus server-side metadata endpoint with SSRF protections, timeout, caching, and sanitized output"
KAT-010,Thing comments / mentions,P1,"Typing @ does not load mention suggestions in Thing comments","1. Open a Thing; 2. Focus Reply to this Thing; 3. Type '@a' or '@Ajjju'","No matching people menu appears","Show eligible participants/members matching the query with avatar and display name; keyboard selection must work","Chrome Court screenshot at 12:26 PM on 2026-10-06",Open,"Inspect mention trigger/tokenizer, directory query, focus/portal layering, and live identity cache"
KAT-011,Team and List chat / mentions,P1,"Typing @ does not reliably fetch people in chat composers","1. Open a Team or List conversation; 2. Type '@' plus a member name","Mention candidates do not appear or do not include the expected member","Show conversation/list participants and permitted directory matches with correct identities","User report on 2026-10-06",Open,"Unify mention source and interaction behavior across Team chat, List chat, and Thing comments"
KAT-012,Mention notifications,P1,"Mentioned people do not receive notifications from comments or chat","1. Mention another user in a Thing comment; 2. Send; 3. Repeat in Team/List chat; 4. Check the mentioned user's notifications","Mentioned user receives no reliable notification","Create one deduplicated in-app notification for the mentioned profile, link it to the exact message/comment, and push it when enabled","User report on 2026-10-06",Open,"Verify structured mention IDs are persisted, notification rows are inserted, realtime invalidation runs, and push sweep includes mention kinds"
